process_id,department,process_name,monthly_volume,avg_minutes,manual_share,data_availability,process_complexity,annual_hours,automation_potential,recoverable_hours,estimated_annual_benefit,feasibility_score,implementation_success,success_probability,normalized_estimated_annual_benefit,priority_score
P0026,Procurement,Email request processing,2161,42.5,0.813,5,3,18368.5,0.7865,14446.83,433404758.0,0.76,1,0.709,0.926,0.774
P0217,Sales,Ticket classification,2206,31.8,0.734,5,1,14030.16,0.827,11602.94,348088270.0,0.92,1,0.732,0.744,0.736
P0039,Finance,Inventory update,469,95.1,0.709,5,1,8920.38,0.8145,7265.65,217969485.0,0.92,1,0.732,0.465,0.652
P0086,Customer Service,Ticket classification,978,42.4,0.695,4,1,8293.44,0.7475,6199.35,185980392.0,0.8,1,0.732,0.397,0.632
P0182,IT,Customer data entry,430,58.1,0.779,5,2,4996.6,0.8095,4044.75,121342431.0,0.84,1,0.765,0.259,0.613
P0224,Sales,Customer onboarding,716,31.5,0.816,4,1,4510.8,0.808,3644.73,109341792.0,0.8,1,0.765,0.233,0.605
P0244,Finance,Data consolidation,743,34.3,0.641,5,1,5096.98,0.7805,3978.19,119345787.0,0.92,1,0.732,0.254,0.589
P0209,Procurement,Purchase order processing,498,51.5,0.671,5,2,5129.4,0.7555,3875.26,116257851.0,0.84,1,0.732,0.248,0.587
P0287,Finance,Account reconciliation,3062,39.4,0.693,5,5,24128.56,0.6465,15599.11,467973421.0,0.6,0,0.393,1.0,0.575
P0123,Operations,Invoice validation,291,34.5,0.86,5,1,2007.9,0.89,1787.03,53610930.0,0.92,1,0.765,0.114,0.57
P0050,Procurement,Monthly reporting,525,19.9,0.81,5,2,2089.5,0.825,1723.84,51715125.0,0.84,1,0.765,0.11,0.568
P0246,Procurement,Claims review,1171,11.7,0.885,5,2,2740.14,0.8625,2363.37,70901122.0,0.84,1,0.739,0.151,0.563
P0155,Human Resources,Invoice validation,771,60.9,0.464,5,1,9390.78,0.692,6498.42,194952593.0,0.92,1,0.621,0.416,0.56
P0034,Operations,Document classification,920,33.5,0.884,3,1,6164.0,0.782,4820.25,144607440.0,0.68,1,0.667,0.308,0.559
P0089,Sales,Document classification,516,35.3,0.762,4,2,3642.96,0.741,2699.43,80983001.0,0.72,1,0.709,0.172,0.548
P0257,IT,Account reconciliation,228,114.7,0.707,5,3,5230.32,0.7335,3836.44,115093192.0,0.76,1,0.676,0.245,0.547
P0149,Finance,Account reconciliation,1110,7.9,0.812,4,1,1753.8,0.806,1413.56,42406884.0,0.8,1,0.739,0.09,0.544
P0168,IT,Customer onboarding,266,32.5,0.609,5,1,1729.0,0.7645,1321.82,39654615.0,0.92,1,0.732,0.084,0.538
P0053,Customer Service,Compliance reporting,513,11.7,0.798,5,1,1200.42,0.859,1031.16,30934823.0,0.92,1,0.739,0.065,0.537
P0038,Finance,Customer data entry,349,24.1,0.684,4,1,1682.18,0.742,1248.18,37445327.0,0.8,1,0.732,0.079,0.536
P0058,Finance,Purchase order processing,836,25.0,0.713,5,3,4180.0,0.7365,3078.57,92357100.0,0.76,1,0.676,0.197,0.532
P0057,Logistics,Monthly reporting,193,20.6,0.722,5,1,795.16,0.821,652.83,19584791.0,0.92,1,0.732,0.041,0.525
P0112,IT,Document classification,344,25.5,0.842,5,3,1754.4,0.801,1405.27,42158232.0,0.76,1,0.709,0.089,0.523
P0007,Human Resources,Account reconciliation,446,18.3,0.975,4,2,1632.36,0.8475,1383.43,41502753.0,0.72,1,0.709,0.088,0.523
P0132,Human Resources,Data consolidation,1076,9.3,0.711,4,1,2001.36,0.7555,1512.03,45360824.0,0.8,1,0.706,0.096,0.523
P0043,Operations,Document classification,670,39.5,0.932,5,4,5293.0,0.806,4266.16,127984740.0,0.68,1,0.627,0.273,0.521
P0095,Procurement,Ticket classification,64,32.2,0.927,4,1,412.16,0.8635,355.9,10677005.0,0.8,1,0.731,0.022,0.518
P0178,Customer Service,Customer onboarding,58,27.8,0.942,4,1,322.48,0.871,280.88,8426402.0,0.8,1,0.731,0.017,0.517
P0025,Sales,Compliance reporting,346,42.2,0.694,5,3,2920.24,0.727,2123.01,63690434.0,0.76,1,0.676,0.135,0.514
P0294,Operations,Data consolidation,612,9.4,0.652,5,1,1150.56,0.786,904.34,27130205.0,0.92,1,0.706,0.057,0.511
P0205,Sales,Invoice validation,345,16.4,0.654,5,2,1131.6,0.747,845.31,25359156.0,0.84,1,0.706,0.053,0.51
P0188,IT,Inventory update,456,5.8,0.809,5,2,528.96,0.8245,436.13,13083826.0,0.84,1,0.705,0.027,0.502
P0278,Procurement,Monthly reporting,148,28.1,0.612,5,2,831.76,0.726,603.86,18115733.0,0.84,1,0.699,0.038,0.501
P0121,Logistics,Purchase order processing,103,34.2,0.701,5,1,704.52,0.8105,571.01,17130404.0,0.92,1,0.699,0.036,0.5
P0171,Logistics,Payment reconciliation,233,7.5,0.812,5,2,349.5,0.826,288.69,8660610.0,0.84,1,0.705,0.018,0.499
P0052,Procurement,Invoice validation,666,32.0,0.769,5,4,4262.4,0.7245,3088.11,92643264.0,0.68,1,0.627,0.197,0.498
P0059,Customer Service,Email request processing,1144,96.5,0.554,1,2,22079.2,0.457,10090.19,302705832.0,0.36,0,0.434,0.647,0.498
P0056,Sales,Contract review,124,24.9,0.639,4,1,617.52,0.7195,444.31,13329169.0,0.8,1,0.699,0.028,0.498
P0185,Finance,Inventory update,263,30.0,0.694,5,3,1578.0,0.727,1147.21,34416180.0,0.76,1,0.676,0.073,0.495
P0280,Operations,Inventory update,36,7.6,0.856,5,1,54.72,0.888,48.59,1457741.0,0.92,1,0.705,0.002,0.494
P0128,Finance,Claims review,441,46.5,0.914,3,2,4101.3,0.757,3104.68,93140523.0,0.6,1,0.62,0.198,0.493
P0193,Finance,Monthly reporting,136,48.6,0.755,4,2,1321.92,0.7375,974.92,29247480.0,0.72,1,0.676,0.062,0.492
P0164,Sales,Account reconciliation,830,87.5,0.729,5,5,14525.0,0.6645,9651.86,289555875.0,0.6,0,0.436,0.618,0.491
P0029,Logistics,Account reconciliation,280,25.3,0.954,3,1,1416.8,0.817,1157.53,34725768.0,0.68,1,0.667,0.073,0.489
P0233,Sales,Email request processing,141,43.7,0.764,3,1,1232.34,0.722,889.75,26692484.0,0.68,1,0.667,0.056,0.484
P0174,Sales,Account reconciliation,1048,10.9,0.901,3,1,2284.64,0.7905,1806.01,54180238.0,0.68,1,0.642,0.115,0.484
P0012,IT,Purchase order processing,118,22.7,0.883,4,2,535.72,0.8015,429.38,12881387.0,0.72,1,0.675,0.027,0.481
P0275,Finance,Ticket classification,696,19.9,0.903,5,4,2770.08,0.7915,2192.52,65775550.0,0.68,1,0.627,0.14,0.481
P0010,Operations,Purchase order processing,1443,2.1,0.619,5,1,606.06,0.7695,466.36,13990895.0,0.92,1,0.673,0.029,0.48
P0243,Sales,Email request processing,2207,42.8,0.673,1,3,18891.92,0.4765,9002.0,270059996.0,0.28,0,0.434,0.577,0.477
P0143,Sales,Data consolidation,46,27.9,0.934,5,3,256.68,0.847,217.41,6522239.0,0.76,1,0.675,0.013,0.476
P0195,IT,Claims review,600,25.4,0.534,4,1,3048.0,0.667,2033.02,60990480.0,0.8,1,0.621,0.13,0.474
P0096,Procurement,Document classification,1159,60.9,0.567,4,3,14116.62,0.6035,8519.38,255581405.0,0.64,0,0.434,0.546,0.468
P0256,Customer Service,Compliance reporting,272,14.8,0.769,4,2,805.12,0.7445,599.41,17982355.0,0.72,1,0.65,0.038,0.466
P0191,IT,Data consolidation,299,27.1,0.951,5,4,1620.58,0.8155,1321.58,39647490.0,0.68,1,0.627,0.084,0.464
P0253,Sales,Claims review,337,29.6,0.865,4,3,1995.04,0.7525,1501.27,45038028.0,0.64,1,0.62,0.095,0.462
P0124,IT,Invoice validation,111,38.7,0.75,4,2,859.14,0.735,631.47,18944037.0,0.72,1,0.643,0.04,0.462
P0274,Logistics,Purchase order processing,1206,18.0,0.457,5,2,4341.6,0.6485,2815.53,84465828.0,0.84,1,0.578,0.18,0.459
P0019,Logistics,Ticket classification,66,15.3,0.767,4,2,201.96,0.7435,150.16,4504718.0,0.72,1,0.65,0.009,0.458
P0276,Sales,Document classification,179,44.7,0.589,4,1,1600.26,0.6945,1111.38,33341417.0,0.8,1,0.621,0.07,0.456
P0098,Sales,Customer data entry,329,19.9,0.939,4,3,1309.42,0.7895,1033.79,31013613.0,0.64,1,0.62,0.065,0.454
P0080,Sales,Customer data entry,327,65.6,0.638,5,3,4290.24,0.699,2998.88,89966333.0,0.76,1,0.565,0.192,0.453
P0245,IT,Customer onboarding,232,27.2,0.491,5,2,1262.08,0.6655,839.91,25197427.0,0.84,1,0.621,0.053,0.451
P0091,Logistics,Invoice validation,831,24.1,0.397,4,1,4005.42,0.5985,2397.24,71917316.0,0.8,1,0.578,0.153,0.45
P0250,Customer Service,Invoice validation,115,45.4,0.933,2,1,1044.2,0.7465,779.5,23384859.0,0.56,1,0.62,0.049,0.449
P0028,Operations,Contract review,683,27.3,0.614,5,3,3729.18,0.687,2561.95,76858400.0,0.76,1,0.565,0.163,0.444
P0292,Customer Service,Inventory update,606,14.5,0.538,5,2,1757.4,0.689,1210.85,36325458.0,0.84,1,0.595,0.077,0.44
P0042,IT,Customer data entry,389,14.1,0.85,5,4,1096.98,0.765,839.19,25175691.0,0.68,1,0.601,0.053,0.437
P0208,Sales,Claims review,341,46.3,0.807,3,2,3157.66,0.7035,2221.41,66642414.0,0.6,1,0.562,0.142,0.436
P0137,Finance,Claims review,418,27.4,0.749,3,1,2290.64,0.7145,1636.66,49099868.0,0.68,1,0.577,0.104,0.435
P0300,Logistics,Invoice validation,354,113.3,0.898,4,5,8021.64,0.689,5526.91,165807299.0,0.48,0,0.468,0.354,0.434
P0204,Finance,Ticket classification,283,2.9,0.498,5,1,164.14,0.709,116.38,3491258.0,0.92,1,0.615,0.007,0.433
P0290,Logistics,Inventory update,238,51.2,0.313,5,2,2437.12,0.5765,1405.0,42149990.0,0.84,1,0.578,0.089,0.431
P0021,Procurement,Document classification,1135,57.4,0.653,1,2,13029.8,0.5065,6599.59,197987811.0,0.36,0,0.434,0.423,0.431
P0175,Logistics,Invoice validation,671,51.9,0.726,3,2,6964.98,0.663,4617.78,138533452.0,0.6,0,0.477,0.295,0.422
P0017,Sales,Email request processing,117,31.8,0.878,3,2,744.12,0.739,549.9,16497140.0,0.6,1,0.587,0.034,0.421
P0004,IT,Data consolidation,90,33.5,0.947,4,3,603.0,0.7935,478.48,14354415.0,0.64,1,0.587,0.03,0.42
P0020,Customer Service,Payment reconciliation,116,29.7,0.925,3,3,689.04,0.7225,497.83,14934942.0,0.52,1,0.587,0.031,0.42
P0154,Customer Service,Invoice validation,506,47.5,0.448,4,2,4807.0,0.584,2807.29,84218640.0,0.72,1,0.523,0.179,0.42
P0134,Human Resources,Claims review,297,29.9,0.643,4,2,1776.06,0.6815,1210.38,36311547.0,0.72,1,0.565,0.077,0.419
P0291,Finance,Payment reconciliation,204,17.5,0.686,4,2,714.0,0.703,501.94,15058260.0,0.72,1,0.585,0.031,0.419
P0186,Human Resources,Email request processing,87,29.6,0.952,2,1,515.04,0.756,389.37,11681107.0,0.56,1,0.587,0.024,0.418
P0150,Logistics,Customer onboarding,424,19.8,0.608,4,2,1679.04,0.664,1114.88,33446477.0,0.72,1,0.565,0.071,0.417
P0215,Customer Service,Monthly reporting,213,23.6,0.487,4,1,1005.36,0.6435,646.95,19408475.0,0.8,1,0.578,0.041,0.417
P0284,IT,Ticket classification,625,26.8,0.832,5,5,3350.0,0.716,2398.6,71958000.0,0.6,1,0.522,0.153,0.411
P0133,Finance,Claims review,578,50.6,0.712,4,3,5849.36,0.676,3954.17,118625021.0,0.64,0,0.477,0.253,0.41
P0008,Human Resources,Inventory update,1237,41.8,0.869,1,4,10341.32,0.5345,5527.44,165823066.0,0.2,0,0.426,0.354,0.404
P0031,Human Resources,Claims review,554,25.5,0.709,3,1,2825.4,0.6945,1962.24,58867209.0,0.68,1,0.524,0.125,0.404
P0141,Logistics,Monthly reporting,411,13.0,0.87,5,5,1068.6,0.735,785.42,23562630.0,0.6,1,0.553,0.05,0.402
P0296,Sales,Email request processing,2314,22.6,0.666,4,4,10459.28,0.613,6411.54,192346159.0,0.56,0,0.393,0.41,0.398
P0169,IT,Invoice validation,1087,45.3,0.715,1,3,9848.22,0.4975,4899.49,146984684.0,0.28,0,0.434,0.313,0.398
P0097,Operations,Data consolidation,259,59.3,0.934,1,1,3071.74,0.687,2110.29,63308561.0,0.44,1,0.509,0.135,0.397
P0006,Logistics,Payment reconciliation,909,44.0,0.635,2,1,7999.2,0.5975,4779.52,143385660.0,0.56,0,0.434,0.306,0.396
P0166,Finance,Payment reconciliation,377,17.0,0.856,2,1,1281.8,0.708,907.51,27225432.0,0.56,1,0.537,0.057,0.393
P0041,Customer Service,Email request processing,223,44.9,0.578,4,2,2002.54,0.649,1299.65,38989454.0,0.72,1,0.523,0.082,0.391
P0117,Finance,Payment reconciliation,862,41.4,0.75,1,1,7137.36,0.595,4246.73,127401876.0,0.44,0,0.434,0.272,0.385
P0129,Sales,Purchase order processing,521,21.1,0.763,3,2,2198.62,0.6815,1498.36,44950786.0,0.6,1,0.509,0.095,0.385
P0033,Sales,Customer data entry,72,66.2,0.567,5,3,953.28,0.6635,632.5,18975038.0,0.76,1,0.532,0.04,0.384
P0048,IT,Ticket classification,1055,20.0,0.865,4,5,4220.0,0.6725,2837.95,85138500.0,0.48,0,0.468,0.181,0.382
P0165,Operations,Contract review,750,41.6,0.693,3,2,6240.0,0.6465,4034.16,121024800.0,0.6,0,0.434,0.258,0.381
P0254,Human Resources,Email request processing,365,80.6,0.745,2,1,5883.8,0.6525,3839.18,115175385.0,0.56,0,0.434,0.245,0.377
P0024,Logistics,Claims review,227,15.9,0.894,5,5,721.86,0.747,539.23,16176883.0,0.6,1,0.52,0.034,0.374
P0192,Customer Service,Ticket classification,310,16.4,0.182,5,2,1016.8,0.511,519.58,15587544.0,0.84,1,0.519,0.032,0.373
P0018,Logistics,Claims review,303,49.7,0.709,4,3,3011.82,0.6745,2031.47,60944178.0,0.64,0,0.477,0.129,0.373
P0187,Operations,Claims review,328,38.7,0.719,5,4,2538.72,0.6995,1775.83,53275039.0,0.68,0,0.483,0.113,0.372
P0160,Sales,Data consolidation,1699,16.8,0.866,1,3,5708.64,0.573,3271.05,98131522.0,0.28,0,0.441,0.209,0.371
P0035,Procurement,Account reconciliation,201,26.8,0.861,3,3,1077.36,0.6905,743.92,22317512.0,0.52,1,0.509,0.047,0.37
P0248,Finance,Inventory update,193,28.8,0.955,1,2,1111.68,0.6575,730.93,21927888.0,0.36,1,0.509,0.046,0.37
P0120,Human Resources,Ticket classification,721,38.6,0.864,3,4,5566.12,0.652,3629.11,108873307.0,0.44,0,0.426,0.232,0.368
P0153,Finance,Customer data entry,110,13.2,0.895,5,5,290.4,0.7475,217.07,6512220.0,0.6,1,0.52,0.013,0.368
P0088,Finance,Ticket classification,388,79.6,0.554,3,3,6176.96,0.537,3317.03,99510826.0,0.52,0,0.434,0.212,0.367
P0014,Customer Service,Ticket classification,1476,24.0,0.892,1,5,7084.8,0.506,3584.91,107547264.0,0.12,0,0.426,0.229,0.367
P0140,Finance,Compliance reporting,308,49.0,0.851,4,5,3018.4,0.6655,2008.75,60262356.0,0.48,0,0.468,0.128,0.366
P0190,Procurement,Ticket classification,104,6.8,0.889,4,4,141.44,0.7245,102.47,3074198.0,0.56,1,0.52,0.006,0.366
P0240,Logistics,Customer data entry,557,23.0,0.69,4,3,2562.2,0.665,1703.86,51115890.0,0.64,0,0.477,0.108,0.366
P0279,Finance,Account reconciliation,413,38.4,0.863,2,3,3171.84,0.6315,2003.02,60090509.0,0.4,0,0.467,0.128,0.365
P0223,Procurement,Document classification,337,49.8,0.811,1,2,3356.52,0.5855,1965.24,58957274.0,0.36,0,0.467,0.125,0.364
P0189,IT,Customer data entry,810,37.2,0.571,1,1,6026.4,0.5055,3046.35,91390356.0,0.44,0,0.434,0.195,0.362
P0238,Procurement,Email request processing,684,22.0,0.921,1,3,3009.6,0.6005,1807.26,54217944.0,0.28,0,0.467,0.115,0.361
P0199,Human Resources,Compliance reporting,231,15.4,0.858,2,1,711.48,0.709,504.44,15133180.0,0.56,1,0.503,0.031,0.361
P0147,Customer Service,Invoice validation,406,11.6,0.703,3,1,941.92,0.6915,651.34,19540130.0,0.68,0,0.498,0.041,0.361
P0183,Procurement,Monthly reporting,326,16.9,0.52,5,3,1101.88,0.64,705.2,21156096.0,0.76,0,0.497,0.044,0.361
P0229,Finance,Data consolidation,172,13.5,0.599,5,3,464.4,0.6795,315.56,9466794.0,0.76,1,0.506,0.019,0.36
P0045,Sales,Document classification,200,50.3,0.752,3,2,2012.0,0.676,1360.11,40803360.0,0.6,0,0.477,0.086,0.36
P0075,Human Resources,Payment reconciliation,866,26.5,0.724,2,1,4589.8,0.642,2946.65,88399548.0,0.56,0,0.434,0.188,0.36
P0037,Sales,Document classification,572,25.6,0.762,2,3,2928.64,0.581,1701.54,51046195.0,0.4,0,0.467,0.108,0.359
P0148,Customer Service,Payment reconciliation,420,3.3,0.603,5,3,277.2,0.6815,188.91,5667354.0,0.76,1,0.506,0.011,0.358
P0113,Logistics,Invoice validation,2039,17.3,0.596,2,2,7054.94,0.538,3795.56,113866732.0,0.48,0,0.408,0.243,0.358
P0266,Operations,Purchase order processing,308,73.9,0.683,3,3,4552.24,0.6015,2738.17,82145171.0,0.52,0,0.434,0.175,0.356
P0273,Logistics,Customer data entry,1693,28.1,0.596,2,5,9514.66,0.418,3977.13,119313836.0,0.24,0,0.393,0.254,0.351
P0071,Operations,Invoice validation,1525,24.1,0.508,4,4,7350.5,0.534,3925.17,117755010.0,0.56,0,0.393,0.251,0.35
P0197,Operations,Monthly reporting,1709,17.0,0.671,2,2,5810.6,0.5755,3344.0,100320009.0,0.48,0,0.408,0.214,0.35
P0064,Finance,Account reconciliation,695,25.9,0.665,4,3,3600.1,0.6525,2349.07,70471958.0,0.64,0,0.434,0.15,0.349
P0032,Finance,Customer onboarding,365,99.7,0.741,2,4,7278.1,0.5305,3861.03,115830962.0,0.32,0,0.393,0.247,0.349
P0180,Customer Service,Purchase order processing,960,36.3,0.665,3,4,6969.6,0.5525,3850.7,115521120.0,0.44,0,0.393,0.246,0.349
P0022,Human Resources,Monthly reporting,952,29.7,0.528,1,3,5654.88,0.404,2284.57,68537146.0,0.28,0,0.434,0.146,0.348
P0289,Finance,Purchase order processing,293,28.9,0.88,2,3,1693.54,0.64,1083.87,32515968.0,0.4,0,0.467,0.069,0.348
P0066,Operations,Contract review,705,32.2,0.611,2,3,4540.2,0.5055,2295.07,68852133.0,0.4,0,0.434,0.146,0.348
P0070,Procurement,Monthly reporting,202,22.9,0.955,2,3,925.16,0.6775,626.8,18803877.0,0.4,0,0.476,0.039,0.345
P0230,Human Resources,Account reconciliation,160,43.0,0.904,3,4,1376.0,0.672,924.67,27740160.0,0.44,0,0.468,0.058,0.345
P0282,Sales,Customer data entry,258,18.2,0.797,3,3,939.12,0.6585,618.41,18552316.0,0.52,0,0.476,0.039,0.345
P0219,Logistics,Account reconciliation,200,36.1,0.823,1,2,1444.0,0.5915,854.13,25623780.0,0.36,0,0.467,0.054,0.343
P0237,Procurement,Purchase order processing,393,89.4,0.564,3,4,7026.84,0.502,3527.47,105824210.0,0.44,0,0.393,0.225,0.343
P0054,Sales,Account reconciliation,187,19.8,0.796,3,2,740.52,0.698,516.88,15506489.0,0.6,0,0.476,0.032,0.343
P0231,Procurement,Customer data entry,284,19.7,0.79,3,3,1118.96,0.655,732.92,21987564.0,0.52,0,0.467,0.046,0.341
P0049,Procurement,Purchase order processing,441,38.3,0.584,3,3,3378.06,0.552,1864.69,55940674.0,0.52,0,0.434,0.119,0.339
P0252,Finance,Inventory update,701,41.9,0.357,1,3,5874.38,0.3185,1870.99,56129701.0,0.28,0,0.434,0.119,0.339
P0111,Logistics,Contract review,482,42.8,0.391,2,2,4125.92,0.4355,1796.84,53905145.0,0.48,0,0.434,0.114,0.338
P0108,Sales,Claims review,476,33.9,0.931,2,4,3227.28,0.6255,2018.66,60559909.0,0.32,0,0.426,0.129,0.337
P0293,Finance,Payment reconciliation,800,20.3,0.76,4,5,3248.0,0.62,2013.76,60412800.0,0.48,0,0.426,0.128,0.337
P0247,Finance,Inventory update,242,67.2,0.443,2,1,3252.48,0.5015,1631.12,48933562.0,0.56,0,0.434,0.104,0.335
P0084,Logistics,Ticket classification,628,6.3,0.534,5,3,791.28,0.647,511.96,15358745.0,0.76,0,0.463,0.032,0.334
P0115,IT,Invoice validation,233,16.5,0.543,5,3,768.9,0.6515,500.94,15028150.0,0.76,0,0.463,0.031,0.333
P0163,Logistics,Customer data entry,378,16.8,0.552,3,1,1270.08,0.616,782.37,23471078.0,0.68,0,0.455,0.049,0.333
P0023,Operations,Claims review,298,50.8,0.82,2,4,3027.68,0.57,1725.78,51773328.0,0.32,0,0.426,0.11,0.331
P0162,Finance,Claims review,1142,28.5,0.54,3,5,6509.4,0.45,2929.23,87876900.0,0.36,0,0.393,0.187,0.331
P0063,Human Resources,Purchase order processing,333,8.1,0.513,5,3,539.46,0.6365,343.37,10300989.0,0.76,0,0.463,0.021,0.33
P0013,Customer Service,Compliance reporting,273,40.4,0.702,2,1,2205.84,0.631,1391.89,41756551.0,0.56,0,0.434,0.088,0.33
P0072,Operations,Data consolidation,774,20.3,0.545,1,3,3142.44,0.4125,1296.26,38887695.0,0.28,0,0.434,0.082,0.328
P0002,Sales,Invoice validation,256,59.6,0.798,2,5,3051.52,0.519,1583.74,47512166.0,0.24,0,0.426,0.101,0.328
P0040,Customer Service,Customer data entry,302,32.1,0.741,3,3,1938.84,0.6305,1222.44,36673159.0,0.52,0,0.434,0.078,0.327
P0101,IT,Customer data entry,913,25.8,0.715,3,4,4711.08,0.5775,2720.65,81619461.0,0.44,0,0.393,0.174,0.327
P0135,IT,Customer onboarding,311,3.3,0.67,3,1,205.26,0.675,138.55,4156515.0,0.68,0,0.464,0.008,0.327
P0177,Customer Service,Email request processing,387,26.6,0.558,2,1,2058.84,0.559,1150.89,34526747.0,0.56,0,0.434,0.073,0.326
P0156,Operations,Account reconciliation,1133,14.9,0.674,2,1,3376.34,0.617,2083.2,62496053.0,0.56,0,0.408,0.133,0.325
P0152,Customer Service,Document classification,91,85.6,0.756,4,4,1557.92,0.658,1025.11,30753341.0,0.56,0,0.436,0.065,0.325
P0214,IT,Customer data entry,525,19.2,0.727,1,2,2016.0,0.5435,1095.7,32870880.0,0.36,0,0.434,0.069,0.324
P0184,Customer Service,Contract review,624,11.3,0.895,1,3,1410.24,0.5875,828.52,24855480.0,0.28,0,0.441,0.052,0.324
P0083,Human Resources,Document classification,257,37.2,0.569,2,1,1912.08,0.5645,1079.37,32381075.0,0.56,0,0.434,0.068,0.324
P0261,Finance,Payment reconciliation,170,45.5,0.419,5,4,1547.0,0.5495,850.08,25502295.0,0.68,0,0.44,0.054,0.324
P0068,Finance,Account reconciliation,654,21.3,0.831,1,5,2786.04,0.4755,1324.76,39742861.0,0.12,0,0.426,0.084,0.323
P0046,Sales,Contract review,248,11.5,0.8,2,1,570.4,0.68,387.87,11636160.0,0.56,0,0.45,0.024,0.322
P0260,Customer Service,Ticket classification,237,33.0,0.711,1,1,1564.2,0.5755,900.2,27005913.0,0.44,0,0.434,0.057,0.321
P0181,Human Resources,Invoice validation,724,43.3,0.646,1,5,6269.84,0.383,2401.35,72040462.0,0.12,0,0.393,0.153,0.321
P0216,Human Resources,Contract review,123,18.8,0.66,5,4,462.48,0.67,309.86,9295848.0,0.68,0,0.45,0.019,0.321
P0145,Logistics,Account reconciliation,302,4.2,0.766,3,2,253.68,0.683,173.26,5197903.0,0.6,0,0.45,0.01,0.318
P0015,Logistics,Compliance reporting,325,25.2,0.559,1,2,1638.0,0.4595,752.66,22579830.0,0.36,0,0.434,0.047,0.318
P0281,Sales,Data consolidation,228,5.3,0.893,1,1,241.68,0.6665,161.08,4832392.0,0.44,0,0.45,0.009,0.318
P0005,Customer Service,Monthly reporting,703,32.5,0.621,3,5,4569.5,0.4905,2241.34,67240192.0,0.36,0,0.393,0.143,0.318
P0061,Customer Service,Inventory update,238,53.7,0.254,1,2,2556.12,0.307,784.73,23541865.0,0.36,0,0.434,0.049,0.318
P0213,Human Resources,Inventory update,183,40.6,0.521,2,2,1485.96,0.5005,743.72,22311689.0,0.48,0,0.434,0.047,0.318
P0299,Human Resources,Payment reconciliation,378,2.6,0.785,2,1,196.56,0.6725,132.19,3965598.0,0.56,0,0.45,0.008,0.317
P0207,Logistics,Compliance reporting,304,19.6,0.725,2,2,1191.68,0.6025,717.99,21539616.0,0.48,0,0.434,0.045,0.317
P0131,Sales,Data consolidation,597,31.7,0.687,4,5,3784.98,0.5835,2208.54,66256075.0,0.48,0,0.393,0.141,0.317
P0285,Operations,Email request processing,132,34.8,0.88,3,4,918.72,0.66,606.36,18190656.0,0.44,0,0.435,0.038,0.316
P0298,IT,Account reconciliation,144,30.7,0.817,4,4,884.16,0.6885,608.74,18262325.0,0.56,0,0.435,0.038,0.316
P0082,Sales,Customer data entry,1361,11.5,0.694,1,3,3130.3,0.487,1524.46,45733683.0,0.28,0,0.408,0.097,0.315
P0201,IT,Monthly reporting,172,29.0,0.924,1,3,997.6,0.602,600.56,18016656.0,0.28,0,0.433,0.038,0.314
P0225,Operations,Document classification,151,29.1,0.785,3,3,878.82,0.6525,573.43,17202902.0,0.52,0,0.433,0.036,0.314
P0249,Finance,Claims review,1008,14.2,0.328,3,2,2862.72,0.464,1328.3,39849062.0,0.6,0,0.408,0.084,0.311
P0099,Procurement,Data consolidation,191,38.4,0.828,1,5,1466.88,0.474,695.3,20859034.0,0.12,0,0.426,0.044,0.311
P0119,Logistics,Ticket classification,302,18.9,0.851,3,5,1141.56,0.6055,691.21,20736437.0,0.36,0,0.426,0.043,0.311
P0094,Procurement,Claims review,980,15.6,0.894,1,5,3057.6,0.507,1550.2,46506096.0,0.12,0,0.4,0.099,0.31
P0203,IT,Invoice validation,104,20.3,0.806,1,2,422.24,0.583,246.17,7384978.0,0.36,0,0.433,0.015,0.308
P0125,Human Resources,Account reconciliation,754,24.7,0.691,1,4,3724.76,0.4455,1659.38,49781417.0,0.2,0,0.393,0.106,0.307
P0116,Sales,Data consolidation,1462,8.9,0.797,2,5,2602.36,0.5185,1349.32,40479710.0,0.24,0,0.4,0.086,0.306
P0227,Human Resources,Ticket classification,1117,12.3,0.389,1,2,2747.82,0.3745,1029.06,30871758.0,0.36,0,0.408,0.065,0.305
P0271,Procurement,Data consolidation,504,29.7,0.435,4,4,2993.76,0.4975,1489.4,44681868.0,0.56,0,0.393,0.095,0.304
P0161,IT,Payment reconciliation,362,8.1,0.624,3,1,586.44,0.652,382.36,11470766.0,0.68,0,0.422,0.024,0.303
P0103,Operations,Customer onboarding,489,11.7,0.559,5,4,1144.26,0.6195,708.87,21266072.0,0.68,0,0.414,0.045,0.303
P0210,Human Resources,Customer onboarding,865,18.9,0.462,3,4,3269.7,0.451,1474.63,44239041.0,0.44,0,0.393,0.094,0.303
P0067,Sales,Document classification,272,17.0,0.715,3,2,924.8,0.6575,608.06,18241680.0,0.6,0,0.417,0.038,0.303
P0118,Procurement,Document classification,1412,7.0,0.337,3,2,1976.8,0.4685,926.13,27783924.0,0.6,0,0.408,0.059,0.303
P0104,Sales,Monthly reporting,354,33.2,0.603,5,5,2350.56,0.6015,1413.86,42415855.0,0.6,0,0.393,0.09,0.302
P0142,Finance,Payment reconciliation,412,41.1,0.679,1,5,3386.64,0.3995,1352.96,40588880.0,0.12,0,0.393,0.086,0.301
P0003,Human Resources,Customer data entry,425,14.0,0.696,3,2,1190.0,0.648,771.12,23133600.0,0.6,0,0.408,0.049,0.3
P0268,Logistics,Claims review,411,14.3,0.576,4,3,1175.46,0.608,714.68,21440390.0,0.64,0,0.408,0.045,0.299
P0030,Sales,Compliance reporting,346,39.1,0.621,2,4,2705.72,0.4705,1273.04,38191238.0,0.32,0,0.393,0.081,0.299
P0239,Customer Service,Claims review,768,10.9,0.966,2,5,1674.24,0.603,1009.57,30287002.0,0.24,0,0.4,0.064,0.299
P0212,IT,Purchase order processing,201,7.7,0.742,3,2,309.54,0.671,207.7,6231040.0,0.6,0,0.417,0.012,0.296
P0016,Human Resources,Invoice validation,156,33.1,0.501,5,4,1032.72,0.5905,609.82,18294635.0,0.68,0,0.407,0.038,0.296
P0288,Human Resources,Inventory update,91,49.0,0.534,5,4,891.8,0.607,541.32,16239678.0,0.68,0,0.407,0.034,0.295
P0172,Human Resources,Email request processing,251,11.2,0.903,4,5,562.24,0.6915,388.79,11663669.0,0.48,0,0.409,0.024,0.293
P0157,IT,Account reconciliation,170,13.9,0.793,5,5,472.6,0.6965,329.17,9874977.0,0.6,0,0.409,0.02,0.292
P0087,Procurement,Invoice validation,233,21.9,0.73,2,3,1020.54,0.565,576.61,17298153.0,0.4,0,0.401,0.036,0.292
P0139,IT,Compliance reporting,433,23.2,0.478,3,4,2009.12,0.459,922.19,27665582.0,0.44,0,0.393,0.058,0.292
P0146,IT,Email request processing,315,17.8,0.575,2,2,1121.4,0.5275,591.54,17746155.0,0.48,0,0.401,0.037,0.292
P0069,Sales,Invoice validation,265,21.0,0.716,1,3,1113.0,0.498,554.27,16628220.0,0.28,0,0.401,0.035,0.291
P0060,Human Resources,Data consolidation,232,8.7,0.884,2,3,403.68,0.642,259.16,7774877.0,0.4,0,0.407,0.016,0.29
P0001,IT,Invoice validation,252,31.4,0.537,3,5,1582.56,0.4485,709.78,21293345.0,0.36,0,0.393,0.045,0.289
P0036,Human Resources,Compliance reporting,1788,8.4,0.678,3,4,3003.84,0.559,1679.15,50374397.0,0.44,0,0.367,0.107,0.289
P0258,Procurement,Payment reconciliation,200,20.9,0.526,1,2,836.0,0.443,370.35,11110440.0,0.36,0,0.401,0.023,0.288
P0179,Finance,Payment reconciliation,223,29.7,0.59,3,4,1324.62,0.515,682.18,20465379.0,0.44,0,0.393,0.043,0.288
P0167,Logistics,Ticket classification,146,33.4,0.481,1,2,975.28,0.4205,410.11,12303157.0,0.36,0,0.401,0.025,0.288
P0106,Operations,Monthly reporting,168,24.0,0.605,1,1,806.4,0.5225,421.34,12640320.0,0.44,0,0.401,0.026,0.288
P0093,Operations,Document classification,194,32.7,0.67,3,4,1268.76,0.555,704.16,21124854.0,0.44,0,0.393,0.044,0.288
P0235,Sales,Monthly reporting,177,22.0,0.676,1,3,778.8,0.478,372.27,11167992.0,0.28,0,0.401,0.023,0.288
P0159,Finance,Customer onboarding,400,19.8,0.624,1,4,1584.0,0.412,652.61,19578240.0,0.2,0,0.393,0.041,0.287
P0107,Procurement,Monthly reporting,250,25.5,0.461,4,4,1275.0,0.5105,650.89,19526625.0,0.56,0,0.393,0.041,0.287
P0297,Procurement,Contract review,80,24.8,0.66,1,1,396.8,0.55,218.24,6547200.0,0.44,0,0.401,0.013,0.285
P0126,Logistics,Compliance reporting,77,30.5,0.602,1,1,469.7,0.521,244.71,7341411.0,0.44,0,0.401,0.015,0.285
P0173,Customer Service,Customer data entry,82,22.3,0.564,2,3,365.72,0.482,176.28,5288311.0,0.4,0,0.401,0.01,0.284
P0220,IT,Inventory update,57,36.5,0.29,4,3,416.1,0.465,193.49,5804595.0,0.64,0,0.401,0.012,0.284
P0251,Procurement,Document classification,71,24.3,0.614,2,1,345.06,0.587,202.55,6076507.0,0.56,0,0.401,0.012,0.284
P0228,Procurement,Data consolidation,46,22.2,0.577,2,3,204.24,0.4885,99.77,2993137.0,0.4,0,0.401,0.006,0.283
P0262,Procurement,Account reconciliation,213,20.6,0.806,1,5,877.56,0.463,406.31,12189308.0,0.12,0,0.392,0.025,0.282
P0065,IT,Inventory update,217,20.0,0.769,1,5,868.0,0.4445,385.83,11574780.0,0.12,0,0.392,0.024,0.282
P0076,Operations,Compliance reporting,126,26.8,0.982,1,5,675.36,0.551,372.12,11163701.0,0.12,0,0.392,0.023,0.281
P0085,IT,Claims review,539,14.6,0.754,3,4,1573.88,0.597,939.61,28188191.0,0.44,0,0.367,0.059,0.275
P0077,Sales,Purchase order processing,611,13.3,0.64,4,4,1625.26,0.6,975.16,29254680.0,0.56,0,0.367,0.062,0.275
P0100,Human Resources,Contract review,317,17.2,0.72,2,3,1090.48,0.56,610.67,18320064.0,0.4,0,0.375,0.038,0.274
P0122,Human Resources,Customer data entry,618,15.8,0.609,2,5,1952.88,0.4245,829.0,24869927.0,0.24,0,0.367,0.052,0.272
P0272,Logistics,Email request processing,389,12.9,0.637,2,3,1003.62,0.5185,520.38,15611309.0,0.4,0,0.375,0.032,0.272
P0211,IT,Inventory update,652,8.4,0.663,1,3,1095.36,0.4715,516.46,15493867.0,0.28,0,0.375,0.032,0.272
P0078,Sales,Contract review,563,10.3,0.391,1,3,1159.78,0.3355,389.11,11673186.0,0.28,0,0.375,0.024,0.27
P0102,Operations,Contract review,611,5.6,0.671,2,3,684.32,0.5355,366.45,10993601.0,0.4,0,0.375,0.023,0.269
P0151,Customer Service,Customer data entry,257,11.4,0.588,3,2,585.96,0.594,348.06,10441807.0,0.6,0,0.375,0.021,0.269
P0286,Customer Service,Customer data entry,409,6.5,0.682,3,2,531.7,0.641,340.82,10224591.0,0.6,0,0.375,0.021,0.269
P0232,Sales,Purchase order processing,317,12.9,0.45,1,1,817.86,0.445,363.95,10918431.0,0.44,0,0.375,0.022,0.269
P0236,Sales,Monthly reporting,249,14.3,0.449,2,1,712.14,0.5045,359.27,10778239.0,0.56,0,0.375,0.022,0.269
P0047,Logistics,Invoice validation,707,8.6,0.595,4,5,1216.04,0.5375,653.62,19608645.0,0.48,0,0.367,0.041,0.269
P0110,IT,Customer onboarding,725,4.5,0.547,2,2,652.5,0.5135,335.06,10051763.0,0.48,0,0.375,0.021,0.269
P0194,IT,Email request processing,487,6.1,0.687,1,2,594.14,0.5235,311.03,9330969.0,0.36,0,0.375,0.019,0.268
P0265,Customer Service,Payment reconciliation,451,5.3,0.722,1,1,478.06,0.581,277.75,8332586.0,0.44,0,0.375,0.017,0.268
P0176,Procurement,Document classification,295,8.5,0.713,2,1,501.5,0.6365,319.2,9576143.0,0.56,0,0.375,0.02,0.268
P0109,Procurement,Customer data entry,349,5.6,0.678,2,2,390.88,0.579,226.32,6789586.0,0.48,0,0.375,0.014,0.267
P0234,Sales,Account reconciliation,195,8.8,0.746,1,1,343.2,0.593,203.52,6105528.0,0.44,0,0.375,0.012,0.266
P0267,Sales,Document classification,399,4.9,0.526,1,1,391.02,0.483,188.86,5665880.0,0.44,0,0.375,0.011,0.266
P0226,Operations,Invoice validation,351,12.1,0.854,2,4,849.42,0.587,498.61,14958286.0,0.32,0,0.366,0.031,0.265
P0092,Sales,Ticket classification,225,4.9,0.528,3,2,220.5,0.564,124.36,3730860.0,0.6,0,0.375,0.007,0.265
P0051,IT,Ticket classification,199,9.5,0.276,3,2,378.1,0.438,165.61,4968234.0,0.6,0,0.375,0.01,0.265
P0090,Operations,Compliance reporting,663,7.2,0.901,1,5,954.72,0.5105,487.38,14621537.0,0.12,0,0.366,0.03,0.265
P0073,Finance,Account reconciliation,78,17.1,0.624,1,1,266.76,0.532,141.92,4257490.0,0.44,0,0.375,0.008,0.265
P0196,Operations,Purchase order processing,261,29.8,0.675,1,5,1555.56,0.3975,618.34,18550053.0,0.12,0,0.36,0.039,0.264
P0269,IT,Customer onboarding,185,32.3,0.453,5,5,1195.1,0.5265,629.22,18876604.0,0.6,0,0.36,0.039,0.264
P0079,IT,Contract review,188,4.7,0.705,3,3,176.72,0.6125,108.24,3247230.0,0.52,0,0.375,0.006,0.264
P0206,Human Resources,Contract review,53,7.7,0.517,3,3,81.62,0.5185,42.32,1269599.0,0.52,0,0.375,0.002,0.263
P0218,Human Resources,Customer onboarding,257,21.9,0.602,3,4,1125.66,0.521,586.47,17594066.0,0.44,0,0.36,0.037,0.263
P0158,Operations,Data consolidation,259,15.2,0.795,1,5,787.36,0.4575,360.22,10806516.0,0.12,0,0.366,0.022,0.263
P0044,Logistics,Purchase order processing,227,2.0,0.522,3,3,90.8,0.521,47.31,1419204.0,0.52,0,0.375,0.002,0.263
P0170,Procurement,Data consolidation,666,4.2,0.863,3,4,559.44,0.6515,364.48,10934255.0,0.44,0,0.366,0.022,0.263
P0222,Customer Service,Contract review,149,28.1,0.673,5,5,837.38,0.6365,532.99,15989771.0,0.6,0,0.36,0.033,0.262
P0136,Human Resources,Customer data entry,263,39.9,0.391,1,5,2098.74,0.2555,536.23,16086842.0,0.12,0,0.36,0.034,0.262
P0200,Customer Service,Inventory update,225,24.6,0.716,2,5,1107.0,0.478,529.15,15874380.0,0.24,0,0.36,0.033,0.262
P0138,Finance,Ticket classification,137,36.3,0.576,4,5,994.62,0.528,525.16,15754781.0,0.48,0,0.36,0.033,0.262
P0198,Sales,Email request processing,255,25.4,0.64,1,5,1295.4,0.38,492.25,14767560.0,0.12,0,0.36,0.031,0.261
P0074,Operations,Payment reconciliation,231,18.8,0.665,4,5,868.56,0.5725,497.25,14917518.0,0.48,0,0.36,0.031,0.261
P0277,Finance,Customer onboarding,210,8.3,0.93,2,4,348.6,0.625,217.88,6536250.0,0.32,0,0.366,0.013,0.26
P0011,Customer Service,Document classification,184,5.2,0.81,2,5,191.36,0.525,100.46,3013920.0,0.24,0,0.366,0.006,0.258
P0062,IT,Customer data entry,407,2.0,0.927,1,4,162.8,0.5635,91.74,2752134.0,0.2,0,0.366,0.005,0.258
P0241,Operations,Contract review,164,19.6,0.756,2,4,642.88,0.538,345.87,10376083.0,0.32,0,0.36,0.021,0.258
P0144,Logistics,Invoice validation,160,4.6,0.894,2,5,147.2,0.567,83.46,2503872.0,0.24,0,0.366,0.004,0.257
P0081,IT,Customer data entry,62,7.6,0.914,3,5,94.24,0.637,60.03,1800926.0,0.36,0,0.366,0.003,0.257
P0127,Operations,Customer data entry,71,19.1,0.724,3,5,271.22,0.542,147.0,4410037.0,0.36,0,0.36,0.009,0.255
P0221,Customer Service,Purchase order processing,652,10.2,0.734,1,5,1330.08,0.427,567.94,17038325.0,0.12,0,0.334,0.036,0.245
P0264,Finance,Account reconciliation,571,10.6,0.314,4,5,1210.52,0.397,480.58,14417293.0,0.48,0,0.334,0.03,0.243
P0242,IT,Inventory update,329,12.4,0.748,2,5,815.92,0.494,403.06,12091934.0,0.24,0,0.334,0.025,0.241
P0202,Logistics,Inventory update,211,14.8,0.676,3,5,624.56,0.518,323.52,9705662.0,0.36,0,0.334,0.02,0.24
P0255,Finance,Claims review,247,9.4,0.747,4,4,464.36,0.6535,303.46,9103778.0,0.56,0,0.334,0.019,0.24
P0130,Sales,Claims review,717,6.4,0.483,2,5,917.76,0.3615,331.77,9953107.0,0.24,0,0.334,0.02,0.24
P0114,Procurement,Document classification,457,5.3,0.703,4,4,484.42,0.6315,305.91,9177337.0,0.56,0,0.334,0.019,0.24
P0295,Operations,Purchase order processing,185,14.1,0.566,2,5,521.7,0.403,210.25,6307353.0,0.24,0,0.334,0.013,0.238
P0259,Logistics,Invoice validation,243,8.5,0.662,4,5,413.1,0.571,235.88,7076403.0,0.48,0,0.334,0.014,0.238
P0270,Customer Service,Document classification,215,7.5,0.589,5,5,322.5,0.5945,191.73,5751788.0,0.6,0,0.334,0.011,0.237
P0027,Procurement,Invoice validation,456,4.9,0.543,2,4,446.88,0.4315,192.83,5784862.0,0.32,0,0.334,0.011,0.237
P0009,IT,Claims review,114,13.0,0.469,2,4,296.4,0.3945,116.93,3507894.0,0.32,0,0.334,0.007,0.236
P0055,IT,Contract review,79,13.0,0.583,1,5,205.4,0.3515,72.2,2165943.0,0.12,0,0.334,0.004,0.235
P0283,Procurement,Invoice validation,97,2.6,0.649,1,4,50.44,0.4245,21.41,642353.0,0.2,0,0.334,0.0,0.234
P0105,Operations,Data consolidation,103,4.2,0.613,5,5,86.52,0.6065,52.47,1574231.0,0.6,0,0.334,0.002,0.234
P0263,Human Resources,Account reconciliation,44,3.6,0.641,2,5,31.68,0.4405,13.96,418651.0,0.24,0,0.334,0.0,0.234
